repository_name,date,clones,unique_visitors/cloners
github-stats-osprey,2024-03-18,6,5
github-stats-osprey,2024-03-19,5,4
github-stats-osprey,2024-03-20,7,5
github-stats-osprey,2024-03-21,6,5
github-stats-osprey,2024-03-22,6,5
github-stats-osprey,2024-03-23,5,4
github-stats-osprey,2024-03-24,5,4
github-stats-osprey,2024-03-25,5,4
github-stats-osprey,2024-03-26,5,4
github-stats-osprey,2024-03-27,5,4
github-stats-osprey,2024-03-28,6,5
github-stats-osprey,2024-03-29,5,4
github-stats-osprey,2024-03-30,7,5
LCModel,2024-03-27,1,1
LCModel,2024-03-28,1,1
MRSDeIdentificationTools,2024-03-28,1,1
osprey,2024-03-18,4,3
osprey,2024-03-22,2,2
osprey,2024-03-25,6,5
osprey,2024-03-26,2,2
osprey,2024-03-27,1,1
osprey,2024-03-28,3,3
osprey,2024-03-29,6,4
osprey,2024-03-30,1,1
osprey-dw-workshop,2024-03-30,2,1
plotLCMBasis,2024-03-28,1,1
