LCModel,2022-01-28,1,1
LCModel,2022-04-08,1,1
LCModel,2022-04-21,1,1
MRSDeIdentificationTools,2022-01-28,1,1
MRSDeIdentificationTools,2022-03-08,1,1
MRSDeIdentificationTools,2022-03-24,2,1
MRSDeIdentificationTools,2022-04-19,1,1
MRSDeIdentificationTools,2022-04-24,2,1
MRSDeIdentificationTools,2022-04-27,2,1
github-stats-osprey,2022-02-10,4,3
github-stats-osprey,2022-02-11,7,6
github-stats-osprey,2022-02-12,6,5
github-stats-osprey,2022-02-13,5,4
github-stats-osprey,2022-02-14,5,4
github-stats-osprey,2022-02-15,14,3
github-stats-osprey,2022-02-16,6,5
github-stats-osprey,2022-02-17,11,8
github-stats-osprey,2022-02-18,8,6
github-stats-osprey,2022-02-19,7,5
github-stats-osprey,2022-02-20,6,4
github-stats-osprey,2022-02-21,7,5
github-stats-osprey,2022-02-22,7,5
github-stats-osprey,2022-02-23,8,6
github-stats-osprey,2022-02-24,3,2
github-stats-osprey,2022-02-25,5,4
github-stats-osprey,2022-02-26,4,3
github-stats-osprey,2022-02-27,6,4
github-stats-osprey,2022-02-28,5,4
github-stats-osprey,2022-03-01,5,4
github-stats-osprey,2022-03-02,6,5
github-stats-osprey,2022-03-03,5,4
github-stats-osprey,2022-03-04,3,2
github-stats-osprey,2022-03-05,6,4
github-stats-osprey,2022-03-06,8,5
github-stats-osprey,2022-03-07,6,4
github-stats-osprey,2022-03-08,4,3
github-stats-osprey,2022-03-09,11,6
github-stats-osprey,2022-03-10,7,5
github-stats-osprey,2022-03-11,8,6
github-stats-osprey,2022-03-12,7,4
github-stats-osprey,2022-03-13,6,4
github-stats-osprey,2022-03-14,8,5
github-stats-osprey,2022-03-15,8,5
github-stats-osprey,2022-03-16,9,6
github-stats-osprey,2022-03-17,7,5
github-stats-osprey,2022-03-18,8,5
github-stats-osprey,2022-03-19,7,5
github-stats-osprey,2022-03-20,8,6
github-stats-osprey,2022-03-21,9,7
github-stats-osprey,2022-03-22,8,6
github-stats-osprey,2022-03-23,10,6
github-stats-osprey,2022-03-24,6,4
github-stats-osprey,2022-03-25,1,1
github-stats-osprey,2022-03-26,6,4
github-stats-osprey,2022-03-27,10,7
github-stats-osprey,2022-03-28,8,5
github-stats-osprey,2022-03-29,7,5
github-stats-osprey,2022-03-30,8,5
github-stats-osprey,2022-03-31,8,5
github-stats-osprey,2022-04-01,8,5
github-stats-osprey,2022-04-02,1,1
github-stats-osprey,2022-04-03,5,3
github-stats-osprey,2022-04-04,5,3
github-stats-osprey,2022-04-05,5,3
github-stats-osprey,2022-04-06,6,4
github-stats-osprey,2022-04-07,6,4
github-stats-osprey,2022-04-08,7,4
github-stats-osprey,2022-04-09,6,4
github-stats-osprey,2022-04-10,5,3
github-stats-osprey,2022-04-11,5,3
github-stats-osprey,2022-04-12,4,3
github-stats-osprey,2022-04-13,5,3
github-stats-osprey,2022-04-14,5,3
github-stats-osprey,2022-04-15,6,4
github-stats-osprey,2022-04-16,7,4
github-stats-osprey,2022-04-17,5,3
github-stats-osprey,2022-04-18,5,3
github-stats-osprey,2022-04-19,5,3
github-stats-osprey,2022-04-20,8,5
github-stats-osprey,2022-04-21,7,4
github-stats-osprey,2022-04-22,6,4
github-stats-osprey,2022-04-23,7,4
github-stats-osprey,2022-04-24,7,5
github-stats-osprey,2022-04-25,7,4
github-stats-osprey,2022-04-26,9,6
github-stats-osprey,2022-04-27,9,5
github-stats-osprey,2022-04-28,8,5
github-stats-osprey,2022-04-29,7,5
github-stats-osprey,2022-04-30,6,4
github-stats-osprey,2022-05-01,8,6
nifti-mrs-matlab,2022-01-28,1,1
nifti-mrs-matlab,2022-01-31,1,1
nifti-mrs-matlab,2022-02-15,1,1
nifti-mrs-matlab,2022-02-17,1,1
osprey,2022-01-28,2,1
osprey,2022-02-01,4,3
osprey,2022-02-07,1,1
osprey,2022-02-11,1,1
osprey,2022-02-13,2,2
osprey,2022-02-16,1,1
osprey,2022-02-18,3,2
osprey,2022-02-23,1,1
osprey,2022-02-24,3,2
osprey,2022-03-01,2,2
osprey,2022-03-02,2,1
osprey,2022-03-04,1,1
osprey,2022-03-07,1,1
osprey,2022-03-08,1,1
osprey,2022-03-09,3,2
osprey,2022-03-11,5,4
osprey,2022-03-12,2,1
osprey,2022-03-14,2,1
osprey,2022-03-17,1,1
osprey,2022-03-18,1,1
osprey,2022-03-21,452,3
osprey,2022-03-22,2,2
osprey,2022-03-23,26,12
osprey,2022-03-25,9,6
osprey,2022-03-26,1,1
osprey,2022-04-02,1,1
osprey,2022-04-04,5,3
osprey,2022-04-05,3,2
osprey,2022-04-09,2,2
osprey,2022-04-12,7,4
osprey,2022-04-14,2,1
osprey,2022-04-17,1,1
osprey,2022-04-19,2,2
osprey,2022-04-22,2,1
osprey,2022-04-23,2,1
osprey,2022-04-24,1,1
osprey,2022-04-26,4,3
osprey,2022-04-27,5,3
osprey,2022-04-28,4,2
osprey,2022-04-29,4,3
osprey-dw-workshop,2022-01-28,1,1
osprey-dw-workshop,2022-04-08,1,1
