LCModel,Bing,10,2
LCModel,DuckDuckGo,1,1
LCModel,cn.bing.com,2,2
LCModel,forum.mrshub.org,7,2
LCModel,github.com,1,1
LCModel,yandex.ru,1,1
MRSDeIdentificationTools,forum.mrshub.org,2,1
MRSDeIdentificationTools,mrshub.netlify.app,3,1
github-stats-osprey,github.com,3,1
nifti-mrs-matlab,Google,1,1
nifti-mrs-matlab,cn.bing.com,1,1
nifti-mrs-matlab,github.com,1,1
nifti-mrs-matlab,websearch.rakuten.co.jp,1,1
osprey,Bing,18,2
osprey,DuckDuckGo,1,1
osprey,Google,84,39
osprey,StartPage,2,1
osprey,cn.bing.com,1,1
osprey,ecosia.org,1,1
osprey,forum.mrshub.org,28,3
osprey,github.com,13,7
osprey,kennedykrieger.org,3,1
osprey,mail.google.com,3,1
osprey,mrshub.netlify.app,1,1
osprey,mrshub.org,5,4
osprey,ncbi.nlm.nih.gov,3,1
osprey,schorschinho.github.io,31,8
osprey,specfitlab.com,3,1
osprey,support.rc.ufl.edu,6,3
osprey,t.co,2,1
osprey,www-ncbi-nlm-nih-gov.ezproxy.lib.swin.edu.au,5,1
osprey-dw-workshop,github.com,1,1
